link,price,title
http://item.gmarket.co.kr/Item?goodscode=2360284777&ver=637814071991316648,"8,900",(KFC) 1만원권 
http://item.gmarket.co.kr/Item?goodscode=2185877797&ver=637814071991316648,"22,700",(혜택가 17260원) KF94 소형 중형 마스크 50매 
http://item.gmarket.co.kr/Item?goodscode=2206648230&ver=637814071991316648,"74,200",NEW 보송 맥스 네이처 (2박스) 특가 + 사은품 
http://item.gmarket.co.kr/Item?goodscode=1590985348&ver=637814071991316648,"11,900",12%+15%중복할인 알로앤루알퐁소 베이비페어 빅세일 
http://item.gmarket.co.kr/Item?goodscode=1619233816&ver=637814071991316648,"23,900",고추참치 100g 15캔 
http://item.gmarket.co.kr/Item?goodscode=1567444106&ver=637814071991316648,"37,900",유기농 양배추즙 양배추브로콜리 실속 100포 
http://item.gmarket.co.kr/Item?goodscode=2245672752&ver=637814071991316648,"20,900",킨즈 초소형 소형 3D 아이랑 유아 아동 마스크 100매 
http://item.gmarket.co.kr/Item?goodscode=2207925356&ver=637814071991316648,"32,800",아기물티슈 최종 23700원 82g 엑셀런트 캡 20팩 
http://item.gmarket.co.kr/Item?goodscode=1791565626&ver=637814071991316648,"45,000",(카드가능)(에그머니) 온라인 게임상품권 5만원 
http://item.gmarket.co.kr/Item?goodscode=1232319673&ver=637814071991316648,"6,900",신학기 아동실내화 어린이집 초등학생 모음 
http://item.gmarket.co.kr/Item?goodscode=1655243018&ver=637814071991316648,"190,000",(카드가능) 기프트코드 20만원 / 구글 기프트카드 
http://item.gmarket.co.kr/Item?goodscode=2004425139&ver=637814071991316648,"35,200",뉴발란스 2022 에센셜 의류 특가 기획전 
http://item.gmarket.co.kr/Item?goodscode=1899274105&ver=637814071991316648,"26,900",미래생활 순수PURE천연펄프 25m 30롤 x 3팩 
http://item.gmarket.co.kr/Item?goodscode=1490019603&ver=637814071991316648,"16,400",물티슈 최종 11850원 악어 캡형 100매 20팩 
http://item.gmarket.co.kr/Item?goodscode=1655241628&ver=637814071991316648,"28,500",(카드가능) 기프트코드 3만원 / 구글 기프트카드 
http://item.gmarket.co.kr/Item?goodscode=2279621381&ver=637814071991316648,"41,410",(스케쳐스 키즈) 메모리폼 초경량 아동화 맥스쿠셔닝 4종 
http://item.gmarket.co.kr/Item?goodscode=2311567420&ver=637814071991316648,"17,640",제주삼다수 2L 18개입/생수 (무/유라벨 랜덤발송) 
http://item.gmarket.co.kr/Item?goodscode=2235048629&ver=637814071991316648,"70,600",삼성 공식인증 MicroSD EVO Plus 512GB MB-MC512KA EL 
http://item.gmarket.co.kr/Item?goodscode=2358758206&ver=637814071991316648,"114,160",빨간스캔들 유기농석류 240포+(무료체험분)4포 
http://item.gmarket.co.kr/Item?goodscode=770600321&ver=637814071991316648,"40,700",본사직영  비타민C 1000 600정/ 고려은단 
http://item.gmarket.co.kr/Item?goodscode=1807235725&ver=637814071991316648,"25,000",22년 2월의 브랜드데이  UPTO ~70% 
http://item.gmarket.co.kr/Item?goodscode=1992842806&ver=637814071991316648,"29,900",참존 굿매너 마스크 KF94  대형 흰색 100매 
http://item.gmarket.co.kr/Item?goodscode=2359761736&ver=637814071991316648,"28,710",매장정품  아디다스 인기 맨투맨 /후드  9종 택1 
http://item.gmarket.co.kr/Item?goodscode=2010352205&ver=637814071991316648,"41,000",후디스 초유밀 플러스 1단계 - 3캔 
http://item.gmarket.co.kr/Item?goodscode=2196781747&ver=637814071991316648,"25,900",컵커피 스키니라떼 200mlX10컵X 피크닉보냉백 
http://item.gmarket.co.kr/Item?goodscode=2360111032&ver=637814071991316648,"11,700",신통한 책방 필로뮈토 1 : 첫 번째 고민 내 마음  서지원 
http://item.gmarket.co.kr/Item?goodscode=344793109&ver=637814071991316648,"3,900",국산순면 긴팔 반팔 라운드 브이넥 무지티 
http://item.gmarket.co.kr/Item?goodscode=484828506&ver=637814071991316648,"25,900",(21년산/혼합/보통) 농부의아침 쌀10kg 
http://item.gmarket.co.kr/Item?goodscode=937468008&ver=637814071991316648,"10,900",12%+12%중복쿠폰/봄맞이특가/신학기룩/베스트모음 
http://item.gmarket.co.kr/Item?goodscode=2320436345&ver=637814071991316648,"19,900",가정용 못난이 대사이즈 나주배 5kg 
http://item.gmarket.co.kr/Item?goodscode=2227589399&ver=637814071991316648,"20,900",지원정KF94 중형 화이트100매(25매X4)새부리형마스크 
http://item.gmarket.co.kr/Item?goodscode=1101182286&ver=637814071991316648,"46,900",맥심 모카골드 커피믹스 400T : 쿠폰가 42900원~ 
http://item.gmarket.co.kr/Item?goodscode=946281043&ver=637814071991316648,"21,900",액체 세탁세제 베이킹 구연산 일반 2L 리필 6개 
http://item.gmarket.co.kr/Item?goodscode=2084159319&ver=637814071991316648,"9,900",백산수 2L 12병 /생수전문배송 
http://item.gmarket.co.kr/Item?goodscode=1137598962&ver=637814071991316648,"12,900",바디피트 순간흡수 생리대 중형 16Px6팩 
http://item.gmarket.co.kr/Item?goodscode=854297588&ver=637814071991316648,"34,000",헤라 NEW UV프로텍터 멀티디펜스 메이크업 인기 BEST 
http://item.gmarket.co.kr/Item?goodscode=2148009598&ver=637814071991316648,"13,350",100%정품 양키캔들홈인 라지자 균일가 10종 택1 /21년 NEW 라인/온라인 공식판매 
http://item.gmarket.co.kr/Item?goodscode=2353746026&ver=637814071991316648,"12,000",(KFC) 징거앤통삼겹팩 
http://item.gmarket.co.kr/Item?goodscode=1873423919&ver=637814071991316648,"5,830",국산제조 알콜솜 일회용 알콜스왑 3박스 300매 
http://item.gmarket.co.kr/Item?goodscode=2234497178&ver=637814071991316648,"554,400",아름드리 영하발열체크 손소독기 K9pro Dual 원반스탠 
http://item.gmarket.co.kr/Item?goodscode=1688878141&ver=637814071991316648,"19,900",무료반품 15+22+20%카드 팬콧 주니어 봄 신학기 신상 
http://item.gmarket.co.kr/Item?goodscode=1579106890&ver=637814071991316648,"18,900",DHA 참치 150g 원터치 10개 
http://item.gmarket.co.kr/Item?goodscode=1967616891&ver=637814071991316648,"35,620",립프로그  100워드북 시리즈 (워드북/18개월 이상/한영버전/터치북/외출장난감) 
http://item.gmarket.co.kr/Item?goodscode=1538813893&ver=637814071991316648,"10,000",10종 믹스너트 국민안주 믹스넛 1kg+1kg 견과 EE 
http://item.gmarket.co.kr/Item?goodscode=1824745796&ver=637814071991316648,"32,900",독일 프로쉬 식기세척기세제 30개입 3세트+행주 증정 
http://item.gmarket.co.kr/Item?goodscode=2237053510&ver=637814071991316648,"19,900",올반 찰핫도그 80g X 30봉 아이가 좋아하는 흔한남매 
http://item.gmarket.co.kr/Item?goodscode=2210103518&ver=637814071991316648,"33,250",(투썸플레이스) 스트로베리 초콜릿 생크림 
http://item.gmarket.co.kr/Item?goodscode=1552234801&ver=637814071991316648,"26,010",스팸 클래식 200g x9개 
http://item.gmarket.co.kr/Item?goodscode=2197340750&ver=637814071991316648,"29,000",맥심 슈프림골드 커피믹스 170T +랜덤사은품/쿠폰25770 
http://item.gmarket.co.kr/Item?goodscode=2337564399&ver=637814071991316648,"26,900",농협 세종대왕쌀 10kg 상등급 주문즉시 당일도정 
http://item.gmarket.co.kr/Item?goodscode=2186739084&ver=637814071991316648,"26,900",에버뉴크린 새부리형마스크 KF94 (그레이/대형) 100입 
http://item.gmarket.co.kr/Item?goodscode=1746887075&ver=637814071991316648,"29,900",루테인지아잔틴 오메가3 루테인 3박스(총 3개월분) 
http://item.gmarket.co.kr/Item?goodscode=939528083&ver=637814071991316648,"25,900",볼륨앤소프트 천연펄프 화장지 30롤 x3팩//최종가22020 
http://item.gmarket.co.kr/Item?goodscode=1942098159&ver=637814071991316648,"29,900",삼성 그린 A4용지 75g 2500매 2박스(5000매) 복사용지 
http://item.gmarket.co.kr/Item?goodscode=2225117257&ver=637814071991316648,"34,560",내 친구 한자툰 1-4 세트 전4권 
http://item.gmarket.co.kr/Item?goodscode=1927664773&ver=637814071991316648,"28,900",엑소(EXXO) A4 복사용지(A4용지) 75g 2BOX(5000매) 
http://item.gmarket.co.kr/Item?goodscode=2356917115&ver=637814071991316648,"24,500",베이비 입체마스크 10PX5팩/유아마스크/36개월이하 
http://item.gmarket.co.kr/Item?goodscode=2084162473&ver=637814071991316648,"19,800",백산수 2L 24병 /생수전문배송 
http://item.gmarket.co.kr/Item?goodscode=1124083462&ver=637814071991316648,"13,900",아이러브베베물티슈핑크100매캡형X20팩 
http://item.gmarket.co.kr/Item?goodscode=2353739598&ver=637814071991316648,"6,100",(KFC) 든든징거치킨세트 
http://item.gmarket.co.kr/Item?goodscode=1510637585&ver=637814071991316648,"13,900",스파클생수 2L 30병 
http://item.gmarket.co.kr/Item?goodscode=1882890459&ver=637814071991316648,"14,900",KF94 한마음 국내산 황사마스크 개별포장 대형 100매 
http://item.gmarket.co.kr/Item?goodscode=1579104167&ver=637814071991316648,"19,900",동원 라이트 스탠다드 참치 150g 원터치 10개 
http://item.gmarket.co.kr/Item?goodscode=1784246790&ver=637814071991316648,"28,900",코카콜라 190ml x 60CAN 
http://item.gmarket.co.kr/Item?goodscode=1819951773&ver=637814071991316648,"28,900",rTG 알티지 오메가3 비타민D 6개월분(180캡슐) 
http://item.gmarket.co.kr/Item?goodscode=1599146602&ver=637814071991316648,"25,900",요미요미 종합과일 유기농주스 125ml 48팩/주스 +컵 
http://item.gmarket.co.kr/Item?goodscode=2301884757&ver=637814071991316648,"85,420",글채움 NEW 아기별 입체놀이 그림책/뭐하니 뭐하니 사운드북 선택구매 
http://item.gmarket.co.kr/Item?goodscode=2248786236&ver=637814071991316648,"12,140",얌테이블 통통 피꼬막 3kg +회초장100g 
http://item.gmarket.co.kr/Item?goodscode=1501667618&ver=637814071991316648,"14,900",베이비베이비 아기물티슈 트윙클120매 20팩 캡형 
http://item.gmarket.co.kr/Item?goodscode=1692723853&ver=637814071991316648,"12,500",베트남 G7 블랙 2g x 200입 (무료배송+랜덤 사은품) 
http://item.gmarket.co.kr/Item?goodscode=2220242990&ver=637814071991316648,"85,070",아디다스  레트로피 E5  Q47101/0087052 
http://item.gmarket.co.kr/Item?goodscode=2360021596&ver=637814071991316648,"24,800",우리아이 입체마스크 베이비용30P X2+(핸드워시)P 
http://item.gmarket.co.kr/Item?goodscode=2343087496&ver=637814071991316648,"39,000",래핑차일드오버핏 퀼팅 점퍼 (81119-114-71) 
http://item.gmarket.co.kr/Item?goodscode=1778060638&ver=637814071991316648,"28,660",베베숲 시그니처 그린 70매 캡 20팩 
http://item.gmarket.co.kr/Item?goodscode=1782686958&ver=637814071991316648,"29,400",(S-OIL) 모바일주유권 3만원권 
http://item.gmarket.co.kr/Item?goodscode=161267854&ver=637814071991316648,"29,700",3SK BOX 택배박스 업계를 리드하는 기업 
http://item.gmarket.co.kr/Item?goodscode=402566401&ver=637814071991316648,"18,900",대디오대디-봄신상/아동/유아/티/바지/주니어 
http://item.gmarket.co.kr/Item?goodscode=1949961570&ver=637814071991316648,"23,910",남양유업  남양 드빈치 유기농 아기치즈 1~3단계_100매 
http://item.gmarket.co.kr/Item?goodscode=1861833043&ver=637814071991316648,"37,900",카누 미니 마일드 120Tx2개 총240T: 쿠폰가 33900원~ 
http://item.gmarket.co.kr/Item?goodscode=1103681365&ver=637814071991316648,"42,900",모카골드 커피믹스 180T+180T /누구나쿠폰적용39080원 
http://item.gmarket.co.kr/Item?goodscode=1486746057&ver=637814071991316648,"20,450",무형광 미쁘핸드타월 핸드타올2겹  5000매 페이퍼타올 
http://item.gmarket.co.kr/Item?goodscode=2345010181&ver=637814071991316648,"16,320",(대구신세계)테리 레터링 셋업-MKC1IP1791 
http://item.gmarket.co.kr/Item?goodscode=2164618115&ver=637814071991316648,"14,150",(신세계경기점)탑텐키즈 덤블보아 롱집업(정상가59 900원) 
http://item.gmarket.co.kr/Item?goodscode=1536989957&ver=637814071991316648,"14,900",(깨비농원) 고당도 천혜향 2.5kg 꼬마소과(16-25과) 
http://item.gmarket.co.kr/Item?goodscode=1776459341&ver=637814071991316648,"6,900",치실 국내생산 이편한 치실 80개입 x 5팩(400개) 
http://item.gmarket.co.kr/Item?goodscode=2339573805&ver=637814071991316648,"50,000",나비잠 기저귀 6팩 모음전 
http://item.gmarket.co.kr/Item?goodscode=2315155158&ver=637814071991316648,"19,720",새부리형 KF94 소형 100매 화이트50 블랙50 혼합 10x10 
http://item.gmarket.co.kr/Item?goodscode=1651273917&ver=637814071991316648,"34,770",CJ 햇반 210g 36개 1박스 
http://item.gmarket.co.kr/Item?goodscode=1782687491&ver=637814071991316648,"49,000",(S-OIL) 모바일주유권 5만원권 
http://item.gmarket.co.kr/Item?goodscode=1941744416&ver=637814071991316648,"27,120",비비고 왕교자1.05kg 3개 
http://item.gmarket.co.kr/Item?goodscode=1481496576&ver=637814071991316648,"12,900",팬틴 극손상케어 트리트먼트 220ml 3개 s 
http://item.gmarket.co.kr/Item?goodscode=2330859687&ver=637814071991316648,"39,000",키즈 꾸미 아쿠아 3SM01547E001 
http://item.gmarket.co.kr/Item?goodscode=1649311897&ver=637814071991316648,"22,020",비비고 사골곰탕 500g 18개 
http://item.gmarket.co.kr/Item?goodscode=2276533389&ver=637814071991316648,"55,360",(슈프특가 53200원) 폴로랄프로렌 베이비 여아/남아 코튼 가디건 5종 택1 12~24개월 행사 
http://item.gmarket.co.kr/Item?goodscode=892271190&ver=637814071991316648,"29,610",20g X 400매 정직한 애견패드 강아지패드 배변패드 
http://item.gmarket.co.kr/Item?goodscode=2368711740&ver=637814071991316648,"74,900",방송싱글 피지오겔 레드수딩 AI크림6통+DMT에센스2통 
http://item.gmarket.co.kr/Item?goodscode=2355497401&ver=637814071991316648,"26,500",NEW 세타필 대용량 로션 473ml 2개 +미니5종 
http://item.gmarket.co.kr/Item?goodscode=1899276489&ver=637814071991316648,"26,900",잘풀리는집 순수프리미엄 30M 30롤 2팩 
http://item.gmarket.co.kr/Item?goodscode=2210034227&ver=637814071991316648,"13,500",아워홈 새우볶음밥 250g 10팩 
http://item.gmarket.co.kr/Item?goodscode=1614191721&ver=637814071991316648,"22,900",진라면 매운맛 40봉 
http://item.gmarket.co.kr/Item?goodscode=1577510972&ver=637814071991316648,"42,900",15% 종근당건강 락토핏 5X 생유산균 골드 3통 
http://item.gmarket.co.kr/Item?goodscode=1840700239&ver=637814071991316648,"9,900",카카오프렌즈 MLB 신학기 아동 실내화 48종 초등학생 
http://item.gmarket.co.kr/Item?goodscode=2051287647&ver=637814071991316648,"12,900",봄상품/신상품/세일/유아동/티셔츠/팬츠/상하복 외 
http://item.gmarket.co.kr/Item?goodscode=2124155867&ver=637814071991316648,"179,000",제주신화월드 신화관_22년6월까지 예약가능 
http://item.gmarket.co.kr/Item?goodscode=777247382&ver=637814071991316648,"12,900",패션라인 겨울아우터신상 니트/가디건/자켓/코트/양털 
http://item.gmarket.co.kr/Item?goodscode=2098226446&ver=637814071991316648,"27,900",보타닉 블라썸 (27m30롤)X3개 화장지 휴지 
http://item.gmarket.co.kr/Item?goodscode=1978997673&ver=637814071991316648,"8,900",이클아트 충전식 무선 LED 센서등-Bar 타입 / 210mm 
http://item.gmarket.co.kr/Item?goodscode=2203967425&ver=637814071991316648,"27,500",KF94 마스크 새부리형 아이코코 50매 
http://item.gmarket.co.kr/Item?goodscode=772056310&ver=637814071991316648,"42,600",더블에이 A4 복사용지  80g 4000매 2BOX/A4용지 
http://item.gmarket.co.kr/Item?goodscode=1602235140&ver=637814071991316648,"16,400",브라운 네이처 마일드 20매 휴대 캡 12+12팩 
http://item.gmarket.co.kr/Item?goodscode=2259249227&ver=637814071991316648,"54,500",루솔 진한 배도라지즙 60포 선물세트 : 진한배즙(60) 
http://item.gmarket.co.kr/Item?goodscode=1648869510&ver=637814071991316648,"26,300",동원 라이트스탠다드참치 85g x 20캔 +랜덤증정 
http://item.gmarket.co.kr/Item?goodscode=2361101939&ver=637814071991316648,"20,900",스텝1단계/2단계/3단계 버디1단계/2단계 칫솔/치약 
http://item.gmarket.co.kr/Item?goodscode=2176921988&ver=637814071991316648,"29,000",맥심 슈프림골드 커피믹스 170T+테이블팟 :쿠폰26420원 
http://item.gmarket.co.kr/Item?goodscode=1606293717&ver=637814071991316648,"5,900",수맘 봄신상 잠옷 원피스 홈웨어 상하 세트 
http://item.gmarket.co.kr/Item?goodscode=2304902166&ver=637814071991316648,"11,900",오늘한끼 한우 양지 국거리 210g 1++ 등급 냉장 
http://item.gmarket.co.kr/Item?goodscode=1101177736&ver=637814071991316648,"44,900",맥심 화이트골드 커피믹스 400T : 쿠폰가 40900원~ 
http://item.gmarket.co.kr/Item?goodscode=687886563&ver=637814071991316648,"27,500",쿠폰가 16070원 크록스 크록밴드/샌들 +지비츠증정 
http://item.gmarket.co.kr/Item?goodscode=2140835515&ver=637814071991316648,"21,300",뱅뱅 누구나 12%쿠폰 미리준비해봄 티셔츠/점퍼/데님 
http://item.gmarket.co.kr/Item?goodscode=1687030307&ver=637814071991316648,"12,500",미쟝센 퍼펙트세럼 오리지널 샴푸 680ML 3통 
http://item.gmarket.co.kr/Item?goodscode=1797053808&ver=637814071991316648,"17,900",크리넥스 실크소프트 250매X3입X3팩 /곽티슈 
http://item.gmarket.co.kr/Item?goodscode=2149593193&ver=637814071991316648,"29,900",굿매너 KF94 대형 컬러 마스크 100매 (5매입 포장) 
http://item.gmarket.co.kr/Item?goodscode=2331969008&ver=637814071991316648,"29,900",나무야나무야 도톰한3겹데코 30m30롤 3팩 
http://item.gmarket.co.kr/Item?goodscode=2259503860&ver=637814071991316648,"55,200",메타그린 슬림 초특가 구성(3개월 분) 
http://item.gmarket.co.kr/Item?goodscode=1879259043&ver=637814071991316648,"22,900",초대형 인덕션 통주물 만능 요리팬 32cm(CN8164) 
http://item.gmarket.co.kr/Item?goodscode=2325674800&ver=637814071991316648,"39,700",(신세계경기점) RUNNING  런닝화 택1 (FW1703 H04603 FY8094 FY6743 FW6125 GZ8077 GX8248 FY5943 GX8238) 
http://item.gmarket.co.kr/Item?goodscode=2367857198&ver=637814071991316648,"40,950",(레드루트(Redroot)) (신세계강남점)젖병세정제/세탁세제/유연제/건조기시트 모음전(주방세제 증정) 
http://item.gmarket.co.kr/Item?goodscode=153279336&ver=637814071991316648,"31,140",100%직접생산/ 박스포유 택배박스 
http://item.gmarket.co.kr/Item?goodscode=221218898&ver=637814071991316648,"9,900",코코비 봄신상 남아여아 상하복 티셔츠 클리어런스 
http://item.gmarket.co.kr/Item?goodscode=1385307610&ver=637814071991316648,"47,000",슈프특가 올드솔 oldsoles 가브리엘 이지트레드 
http://item.gmarket.co.kr/Item?goodscode=1654805524&ver=637814071991316648,"9,500",(카드가능) 기프트코드 1만원 / 구글 기프트카드 
http://item.gmarket.co.kr/Item?goodscode=2205366921&ver=637814071991316648,"24,500",모다까리나 페리미츠 봄맞이 데일리룩 준비 
http://item.gmarket.co.kr/Item?goodscode=1942742865&ver=637814071991316648,"28,800",굿매너 황사방역용 대형 KF94 마스크 화이트 100매_ 
http://item.gmarket.co.kr/Item?goodscode=1776671322&ver=637814071991316648,"20,900",뽑아쓰는 키친타올 150매 4입 x4팩 /혜택가17770 
http://item.gmarket.co.kr/Item?goodscode=2290505992&ver=637814071991316648,"12,570",(신세계경기점)MKB4IP3999 아동) 더블니트 (기모)셋업 
http://item.gmarket.co.kr/Item?goodscode=2356864965&ver=637814071991316648,"18,900",틈새라면 매운짜장4입x2번들 +매운카레4입x2번들 무배 
http://item.gmarket.co.kr/Item?goodscode=2362215323&ver=637814071991316648,"62,500",(가나출판사) 의사 어벤저스 시리즈 전5권/어린이 의학 동화 
http://item.gmarket.co.kr/Item?goodscode=1157707109&ver=637814071991316648,"31,600",아기물티슈 프리미어 캡70매 20팩 
http://item.gmarket.co.kr/Item?goodscode=1976893055&ver=637814071991316648,"37,260",토루토루 아기액상세제 세탁용x2개 세트 
http://item.gmarket.co.kr/Item?goodscode=2136762358&ver=637814071991316648,"10,900",떡볶이대장 떡대 국물떡볶이 640gx3봉 
http://item.gmarket.co.kr/Item?goodscode=1870699583&ver=637814071991316648,"29,900",설화수 순행 클렌징폼 200ml +미니어처 5종증정 
http://item.gmarket.co.kr/Item?goodscode=2001115270&ver=637814071991316648,"38,700",아기물티슈 본보야지 루브르 캡형 70매 10팩+10팩 
http://item.gmarket.co.kr/Item?goodscode=1764397632&ver=637814071991316648,"19,900",홈쇼핑 봄신상  겨울 클리어런스 아우터 外 
http://item.gmarket.co.kr/Item?goodscode=1647202240&ver=637814071991316648,"10,900",NII 남녀 캐주얼셔츠/데님/팬츠50종+쿠폰혜택 
http://item.gmarket.co.kr/Item?goodscode=2078253576&ver=637814071991316648,"28,000",닥터그루트 스케일링샴푸280+앰플30증정 
http://item.gmarket.co.kr/Item?goodscode=1232338881&ver=637814071991316648,"13,100",키즈꼬모 유아 아동복 상하복 세트 등원룩 모음 
http://item.gmarket.co.kr/Item?goodscode=1474758158&ver=637814071991316648,"9,900",타니즈 봄신상 여성 스니커즈/펌프스/뮬/블로퍼 
http://item.gmarket.co.kr/Item?goodscode=542213367&ver=637814071991316648,"10,900",리츠 크래커 120gx6박스/과자/오레오 : 쿠폰가 9050원~ 
http://item.gmarket.co.kr/Item?goodscode=1824732735&ver=637814071991316648,"19,900",부토 전기찜기 계란찜기 간편세척 NBE622W 다용도찜기 
http://item.gmarket.co.kr/Item?goodscode=2203231896&ver=637814071991316648,"17,900",반야월할매 당면만두 3kg 
http://item.gmarket.co.kr/Item?goodscode=2346813109&ver=637814071991316648,"26,550",블루독쿨기능트레이닝팬츠 (21175-415-04) 
http://item.gmarket.co.kr/Item?goodscode=695764140&ver=637814071991316648,"15,000",토니데이 2월 빅세일 UP TO 82% 
http://item.gmarket.co.kr/Item?goodscode=1560751376&ver=637814071991316648,"32,900",3겹 데코앤소프트 27m30롤x2팩/휴지/롤화장지 
http://item.gmarket.co.kr/Item?goodscode=1577525154&ver=637814071991316648,"17,500",브리치x허니제이 10%쿠폰 니트/가디건/셔츠 
http://item.gmarket.co.kr/Item?goodscode=1917656011&ver=637814071991316648,"15,600",3D 베이비 유아 아동 마스크 초소형 소형 마스크 100매 
http://item.gmarket.co.kr/Item?goodscode=2368986645&ver=637814071991316648,"23,050",좋은느낌 유기농 입는 오버나이트 생리대 중/대 2+1팩 
http://item.gmarket.co.kr/Item?goodscode=2260584130&ver=637814071991316648,"17,900",뼈없는 직화 불 닭발 150g x 5팩 (총 750g) 
http://item.gmarket.co.kr/Item?goodscode=2226572482&ver=637814071991316648,"13,500",유한락스 멀티액션 욕실청소용 700ml 총 4개 
http://item.gmarket.co.kr/Item?goodscode=2258385439&ver=637814071991316648,"22,900",무항생제 바른목장 멸균우유 195ml/36팩 
http://item.gmarket.co.kr/Item?goodscode=1655242060&ver=637814071991316648,"47,500",(카드가능) 기프트코드 5만원 / 구글 기프트카드 
http://item.gmarket.co.kr/Item?goodscode=1954465467&ver=637814071991316648,"26,900",아르떼 새부리형 마스크 KF94 100매 화이트 개별포장 
http://item.gmarket.co.kr/Item?goodscode=1827907353&ver=637814071991316648,"13,900",과탄산소다 특대용량 7kg  / 산소계 표백제 
http://item.gmarket.co.kr/Item?goodscode=2354823194&ver=637814071991316648,"31,810",(신세계강남점)휠라키즈 운동화 균일가 4종중택1 
http://item.gmarket.co.kr/Item?goodscode=1920641521&ver=637814071991316648,"40,900",화이트골드 커피믹스  180T+180T: 37260원 쿠폰가~ 
http://item.gmarket.co.kr/Item?goodscode=2360230362&ver=637814071991316648,"19,900",래핑차일드HAPPIER 스웨트셔츠 (82129-332-01) 
http://item.gmarket.co.kr/Item?goodscode=1920642031&ver=637814071991316648,"42,900",모카골드 커피믹스 180T+180T: 39080원 쿠폰가~ 
http://item.gmarket.co.kr/Item?goodscode=447292392&ver=637814071991316648,"37,900",카누 미니 마일드 120Tx2개(240T) 최대쿠폰가 33900원~ 
http://item.gmarket.co.kr/Item?goodscode=1884775094&ver=637814071991316648,"39,000",씨투엠에듀 큐보이드 교구+워크북 세트 (전2종) 
http://item.gmarket.co.kr/Item?goodscode=1579120887&ver=637814071991316648,"18,720",소문난오부자 재래도시락김5g 72봉 
http://item.gmarket.co.kr/Item?goodscode=1604479096&ver=637814071991316648,"12,900",베베앙 아기물티슈  시그니처 대용량 100매 캡형 10팩 
http://item.gmarket.co.kr/Item?goodscode=1769157396&ver=637814071991316648,"24,900",아르떼 KF94 화이트 블랙 / 국산 컬러마스크 새부리형 
http://item.gmarket.co.kr/Item?goodscode=1836705104&ver=637814071991316648,"15,900",세제 1.5L4개+800ML(세or유)3팩+세제50ml2팩+샤셰_Q223 
http://item.gmarket.co.kr/Item?goodscode=1781143205&ver=637814071991316648,"11,900",혼합잡곡 6kg 17곡(2kgx3봉) 2021년산 쿠폰가 10710원 
http://item.gmarket.co.kr/Item?goodscode=2094556088&ver=637814071991316648,"11,900",대한농산 성주 참외 2kg내외/랜덤과 
http://item.gmarket.co.kr/Item?goodscode=2177861840&ver=637814071991316648,"39,000",V ANORAK FK2JKC1101XOWH 
http://item.gmarket.co.kr/Item?goodscode=1888309144&ver=637814071991316648,"10,900",크린랩 대용량 크린장갑 400매 1+1 
http://item.gmarket.co.kr/Item?goodscode=1958202655&ver=637814071991316648,"11,900",15%+12% 푸마/리복키즈 주니어 신학기룩 빅세일 
http://item.gmarket.co.kr/Item?goodscode=2345808336&ver=637814071991316648,"44,500",(아웃백/이디야) 페이즈 기프트 외식 5만원권 
http://item.gmarket.co.kr/Item?goodscode=2018101833&ver=637814071991316648,"18,620",500ml 업소용 PET 24입. 
http://item.gmarket.co.kr/Item?goodscode=2254568155&ver=637814071991316648,"17,000",EBS 베스트 자녀교육서 - EBS 당신의 문해력 외 5종 선택구매 
http://item.gmarket.co.kr/Item?goodscode=2279301878&ver=637814071991316648,"43,730",크리넥스 대한민국 판매 1등 유한킴벌리 크리넥스 데코앤소프트 24롤 X 3팩 (무료배송) 
http://item.gmarket.co.kr/Item?goodscode=2185061796&ver=637814071991316648,"14,900",달구벌 돼지 생막창 (막창400g+소스100g) 500g 2봉 
http://item.gmarket.co.kr/Item?goodscode=962002144&ver=637814071991316648,"24,000",씨투엠에듀 도형학습지 플라토 유치~초등 단계별 선택구매(전4권) 
http://item.gmarket.co.kr/Item?goodscode=1724397928&ver=637814071991316648,"18,900",자연산골뱅이 300g x4개 
http://item.gmarket.co.kr/Item?goodscode=2035900815&ver=637814071991316648,"9,900",오징어 젓갈  원조 비빔오징어젓 1kg 쿠폰특가 8810원 
http://item.gmarket.co.kr/Item?goodscode=2338493232&ver=637814071991316648,"21,500",에너자이저 S 에너자이저 기획 패밀리팩 알카라인 건전지 AA/AAA 48입 모음 
http://item.gmarket.co.kr/Item?goodscode=1655242371&ver=637814071991316648,"95,000",(카드가능) 기프트코드 10만원 / 구글 기프트카드 
http://item.gmarket.co.kr/Item?goodscode=1798110680&ver=637814071991316648,"10,900",100% 국산 겉절이 2kg 출고당일생산 
http://item.gmarket.co.kr/Item?goodscode=2236264107&ver=637814071991316648,"18,000",아디다스 퍼포먼스 캡_FI3092 FI3097 FJ1797 FI3099 
http://item.gmarket.co.kr/Item?goodscode=1601332309&ver=637814071991316648,"16,100",팬콧키즈_2/25 무료반품_봄신상 베스트/신학기룩 추천 
http://item.gmarket.co.kr/Item?goodscode=1478154564&ver=637814071991316648,"25,700",아기물티슈 최종 21850원 75g 20팩 시그니처 캡형 
http://item.gmarket.co.kr/Item?goodscode=2355870857&ver=637814071991316648,"16,130",(대구신세계)탑텐키즈 맨투맨과조거팬츠 셋업 
http://item.gmarket.co.kr/Item?goodscode=220228006&ver=637814071991316648,"13,900",12%+12% 쥬니어및 여아 의류 아동복 주니어 원피스 
http://item.gmarket.co.kr/Item?goodscode=2355234916&ver=637814071991316648,"44,000",글라스락 (세일) 클래식 15종 풀세트(2.7L 핸디형 포함) 
http://item.gmarket.co.kr/Item?goodscode=2360284810&ver=637814071991316648,"17,800",(KFC) 2만원권 
http://item.gmarket.co.kr/Item?goodscode=2322039471&ver=637814071991316648,"33,380",(신세계센텀점) 네파키즈  KHE5952 쮸리 맨투맨 상하세트 
http://item.gmarket.co.kr/Item?goodscode=2143491252&ver=637814071991316648,"17,500",아가방 봄 데일리룩 BEST 50종 조끼/상하복/내의/선물 
http://item.gmarket.co.kr/Item?goodscode=1917671465&ver=637814071991316648,"13,500",(7팩10960)베스트셀러 생리대/입는오버나이트/라이너 
http://item.gmarket.co.kr/Item?goodscode=2322749278&ver=637814071991316648,"37,710",10%할인  NEW 깨끗한나라 허브가든 벚꽃 프리미엄 화장지 총 90롤 
http://item.gmarket.co.kr/Item?goodscode=1742551125&ver=637814071991316648,"22,900",퍼실 레귤러 유니버셜 대용량 액체 세탁세제 10L 
